"1","06","06","1944","d-day","D-Day","<p>6 juni 1944. Een dag waar heel bezet Europa al 5 jaar op zat te wachten. Het was deze dag in de geschiedenis waarop de grootste invasie macht op de stranden van Normandi&euml; neerstreek. 6 juni 1944 was D-Day.</p>\n\n<h2>Oorlog</h2>\n\n<p>In 1939 brak in Europa de Tweede Wereldoorlog uit, doordat Nazi-Duitsland ten oosten van Duitsland land ging annexeren. In 1940 was de oorlog ook voor Nederland, Belgi&euml; en Frankrijk een voldongen feit en na een heftige strijd verlieten de te hulp geschoten Britten en de Franse en&nbsp;Belgische soldaten het continent. Hierna begon voor de bezette gebieden een lange, donkere oorlog.</p>\n\n<h2>Invasie</h2>\n\n<p>De invasie die op 6 juni 1944 plaatsvond, was het sluitstuk van lange onderhandelingen tussen de Geallieerde Strijdkrachten en met de invasie begon Operation Overlord. Het doel van de invasie was het maken van een bruggenhoofd en het mogelijk maken om kunstmatige havens aan te leggen voor de Franse kust. &nbsp;De invasie vond plaats op de stranden van Normandi&euml;, deels omdat langs deze kuststrook het tij gunstig was en minder voor de hand liggend dan het gebied rond Calais. Generaal Eisenhower voerde het bevel over de gehele operatie (Operation Overlord), waar D-Day een onderdeel van was.</p>\n\n<h2>Langste Dag</h2>\n\n<p>Al voor de start van D-Day werd al gesproken over De Langste Dag (of &#39;Longest Day&#39;). De achilleshiel van de operatie was de tijd en het waterpeil. Ook was het verassingseffect van belang, dit laatste ging bijna mis vanwege een behoorlijke storm. Oorspronkelijk zou de invasie beginnen op 5 juni, maar door de omstandigheden werd het uitgesteld. Nog langer uitstellen was geen optie. Dit vanwege het verspillen van het verrassingseffect, maar ook omdat het nog een maand zou duren voordat de stand van de maan en het tij gunstig genoeg waren om aan te vallen.</p>\n\n<h2>Meer informatie</h2>\n\n<p>Wil je meer informatie over dit onderwerp? Op internet is meer dan genoeg te vinden. Daarnaast kan ik je aanraden om zeker een reis te boeken naar Normandi&euml;. Naast verschillende kleine en grotere musea, moet je zeker een kijkje nemen in &#39;Le Memmorial&#39; in Caen. Naast een uitgebreide expositie over de Tweede Wereldoorlog en de bevrijding van Frankrijk, zijn er ook tal van exposities over recentere oorlogen en conflicten.&nbsp;</p>\n\n<p>Daarnaast kan je op Dag Van De Week ook voldoende informatie vinden over andere gebeurtenissen, over de Tweede Wereldoorlog, maar ook genoeg andere zaken uit het verleden.</p>\n","2013-06-30 22:30:01","2013-07-03 21:52:36"
"2","05","09","1944","dolle-dinsdag","Dolle Dinsdag","<p>We gaan terug naar <strong>dinsdag&nbsp;5 september 1944.&nbsp;</strong>Deze dag ging de boeken in als Dolle Dinsdag in en was een paar maanden voor de oorlog in ons land ten einde was.</p>\n\n<h2>Antwerpen</h2>\n\n<p>Op maandag 4 september werd het bericht verspreid dat Antwerpen was bevreid. Het bericht werd door de Britten op Radio Oranje uitgezonden en de vreugde in Nederland was enorm. Op dinsdag liepen de straten vol met uigelaten burgers die de bevrijding wilde vieren. Ook waren er tal van Duitsers gevlucht voor de (naar horen zeggen) Geallieerden strijdkrachten die Breda hadden &#39;bevrijd&#39;. Helaas voor de feestvierders was het feest van korte duur, en nadat ook de Duitsers erachter kwamen dat er niets aan de hand was, werden er alsnog sancties uitgevoerd op de mensen die vlak ervoor nog de bevrijding te hebben &#39;gevierd&#39;.</p>\n\n<h2>Treinen</h2>\n\n<p>Op 5 en 6 september vertrokken treinen met NSB-ers naar Duitsland om te vluchten voor de Geallieerden. Een van die treinen is bij Diemen onder vuur genomen, waarbij meer dan 30 mannen, vrouwen en kinderen zijn omgekomen.</p>\n\n<h2>Nasleep</h2>\n\n<p>Voor de NSB, die in deze periode van de oorlog sowiezo al het imago van de Mickey Mouse-club had, was deze dag het begin van het einde. Veel prominente NSB-ers zaten intussen in Duitsland en de NSB-ers die achterbleven werden het niet eens over de te volgen stappen. Tot het eind van de oorlog bleef de NSB wel bestaan, maar werd niet meer serieus genomen door de rest van de bevolking.</p>\n","2013-07-03 22:28:02","2013-07-03 22:28:02"
"3","30","04","1980","inhuldiging-beatrix","Inhuldiging Beatrix","<p>Op 30 april 1980 kreeg Nederland een nieuwe Vorstin. De tot dan nog Prinses Beatrix, werd Koningin der Nederlanden.</p>\n\n<h2>Ceremonie</h2>\n\n<p>De ceremonie van deze inhuldiging was inhoudelijk niet heel veel anders.</p>\n\n<p>&nbsp;</p>\n\n<p>Dit artikel word later nog bijgewerkt.</p>\n","2013-07-03 22:38:12","2013-07-03 22:38:12"
"4","01","01","2001","nieuw-millennium","Start Derde Millennium","<p>Eind jaren 90 is er veel paniek geweest over wat zou komen. Achteraf kunnen we zeggen dat de wisseling van het Millennium gewoon een succes was.</p>\n\n<h2>Telling</h2>\n\n<p>Het derde&nbsp;millennium loopt van 2001 t/m 3000. Echter heeft men bij de wisseling van 1999 naar 2000 vaak vergist en dachten veel mensen dat ze al in het nieuwe tijdvak zaten. Het spreekt voor zich dat de 21e eeuw ook pas in 2001 begon. Al loopt deze uiteraard in 2100 op zijn eind.</p>\n\n<h2>Bug Stress</h2>\n\n<p>Veel bedrijven hadden last van Bug Stress, soms terecht en soms onterecht. Vooral bij oudere informatie systemen kon er een probleem optreden bij de datum telling. Om ruimte te besparen (bits en bytes) heeft men gekozen om het jaartal op te slaan aan de hand van de laatste 2 cijfers.Zo werd 1990 opgeslagen als &#39;90&#39; en 1999 als &#39;99&#39; en bij de uitvoer (scherm of afdrukken) de &#39;19&#39; ervoor te plakken.</p>\n\n<p>Dit gaat echter goed totdat je van 1999 naar 2000 gaat. In dat geval gaan we dus van 99 naar 00. Bij het opvragen van die datum komen we dus niet bij het jaar 2000 of 2001, maar bij 1900 en 1901. Dit zou resulteren in problemen voor bv het uitbetalen van pensioenen. Immers, in 1901 waren veel pensioengerechtigen niet een geboren.</p>\n\n<h2>Succes</h2>\n\n<p>Dankzij de inspanning van veel IT proffesionals deden er zich geen problemen voor en was iedereen op tijd klaar om de systemen te upgraden. Veel systemen hoefden overigens ook niet voorzien te worden van een update, deze zouden pas tegen een datumgrens aanlopen in 2038. Dit heeft te maken met het binaire stelsel, maar gaat nu te diep om uit te leggen.</p>\n\n<p>&nbsp;</p>\n","2013-07-03 23:34:38","2013-07-03 23:34:38"
"5","24","08","1990","geboorte","Geboorte","<p>Dit is een hele bijzondere datum. Op deze datum is de persoon geboren met wie ik al enige tijd gelukkig samenwoon. Ook is zij al fan van Dag Van De Week vanaf het eerste uur en blijft zij op de hoogte van het laatste nieuws of nieuws van jaren terug.</p>\n\n<h2>Fantastisch</h2>\n\n<p>Tja. Wat moet ik er verder nog over zeggen? Al enige maanden wonen wij in hetzelfde huis, en genieten we ons suf. Man, vrouw, hond en camera. Een gemiddeld huishouden.</p>\n","2013-07-03 23:39:54","2013-07-03 23:39:54"
"6","00","00","1940","","","<p>Het jaar 1940 was het begin van een nieuw tijdperk. Nederland, Belgi&euml; en Frankrijk raakten betrokken bij de Tweede Wereldoorlog en na een heftige strijd in de meidagen was in de tweede helft van 1940 Nederland officieel bezet gebied.&nbsp;</p>\n\n<p>De meeste mensen gingen gewoon door met het oude leven. Ondanks de bezetting werd 1940 een redelijk normaal jaar. Dat de oorlog later vervelende gevolgen zou hebben, was iets wat men toen nog niet kon bevatten.</p>\n","2013-07-19 21:34:39","2013-07-19 21:34:39"
"7","00","00","1939","","","<p>Na de inname van Polen en Oostenrijk en het verstrijken van het Britse ultimatum om de Duitse troepen te laten terugtrekken, was de Tweede Wereldoorlog een feit.</p>\n\n<p>Op 1 september&nbsp;<span style=\"color:rgb(0, 0, 0); font-family:sans-serif; font-size:12.571428298950195px\">annexeerden de Duitse manschappen Polen, meer hierover kunt u lezen als op deze datum klikt in onderstaande kalender. Ook voor alle andere historische feiten uit 1939 bent u hier aan het juiste adres. Mist er er een feitje? Staan er onjuistheden? Wij horen graag hoe wij onze informatie kunnen verbeteren.</span></p>\n","2013-07-19 21:48:43","2013-07-19 21:48:43"
"8","21","08","1959","hawaii-officieel-amerikaanse-staat","Hawaii is officieel de 50e staa","<p>Hoewel in 1893 de eilandengroep al was overgenomen door de Verenigde Staten, was Hawaii tot 1959 min of meer zelfstandig gebleven.</p>\n\n<p>Tegenwoordig zijn er nog steeds mensen die tegen deze constructie zijn en willen daarom meer bestuurlijke zaken zelf kunnen beslissen. Het meerendeel is echter bang dat het een grotere ongelijkheid geeft tussen verschillende bevolkingsgroepen.</p>\n","2013-07-19 22:05:37","2013-07-19 22:05:37"
"9","15","04","1912","titanic-zinkt","Titanic vergaan","<p>In de nacht van 14 op 15 april 1912 verging het bekendste schip uit de moderne geschiedenis. Na een aanvaring met een ijsberg (kort na middernacht op 15 april) liep het schip vol met water, waarna het om 02:20 uur (tien voor half 3) verdween onder de golven. Deze ramp heeft 1522 mensen het leven gekost.</p>\n\n<h2>Klassen</h2>\n\n<p>In de tijd van Titanic was het gebruikelijk om bij schipbreuk eerst de passagiers uit de 1e klasse te evacueren. De mensen uit de 3d klasse hadden daarom de minste kans op overleven.</p>\n\n<h2>Romantische Beeldvorming</h2>\n\n<p>Over de ramp bestaan verschillende verhalen. Sommige verhalen hebben een geromantiseerd beeld gegeven over de ramp. Zo heeft het orkest, onder leiding van&nbsp;<span dir=\"auto\">Wallace Hartley, tot het laatste moment gespeelt op het dek. Geen van de orkestleden hebben de ramp kunnen navertellen. Ook zijn er veel mythes rond de T-Ford (die ook te zien is in de film Titanic uit 1997, waar de hoofdrolspelers de liefde hebben bedreven). Deze auto heeft daadwerkelijk in het ruim gestaan en de eigenaar of de auto zelf zou al meer ellende te hebben veroorzaakt.</span></p>\n\n<p>&nbsp;</p>\n","2013-07-19 22:39:21","2013-07-20 21:47:16"
"10","20","07","1980","joop-zoetemelk-wint-ronde-van-frankrijk","Joop Zoetemelk wint Ronde van Frankrijk","<p>Op 20 juli 1980 werd Joop Zoetemelk eindelijk eerste in de Ronde van Frankrijk. Na een aantal keer tweede te zijn geweest was het in 1980 zijn beurt.</p>\n\n<p>Zoetemelk was de tweede Nederlander die deze titel in de wacht kon slepen. De vorige keer was het Jan Jansen (1968) die de beker mocht ontvangen. In zijn jaren als profwielrenner haalde hij altijd een plaats in de top 10. Het vaakst eindigde hij op de tweede plaats, wat hem de bijnaam &#39;Eeuwige Tweede&#39; opleverde. Hieronder kort overzicht met een selectie van zijn ronden:</p>\n\n<table border=\"1\" cellpadding=\"1\" cellspacing=\"1\" style=\"width:500px\">\n	<caption>Beste fietsronden Joop Zoetemelk</caption>\n	<thead>\n		<tr>\n			<th scope=\"col\">Tour</th>\n			<th scope=\"col\">Plaats</th>\n			<th scope=\"col\">Jaar</th>\n		</tr>\n	</thead>\n	<tbody>\n		<tr>\n			<td>Milaan-San Remo</td>\n			<td>13</td>\n			<td>1979</td>\n		</tr>\n		<tr>\n			<td>WK</td>\n			<td>1</td>\n			<td>&nbsp;</td>\n		</tr>\n		<tr>\n			<td>Ronde van Vlaanderen</td>\n			<td>5</td>\n			<td>1979</td>\n		</tr>\n		<tr>\n			<td>Parijs-Roubaix</td>\n			<td>4</td>\n			<td>1979</td>\n		</tr>\n		<tr>\n			<td>Amstel Gold Race</td>\n			<td>1</td>\n			<td>1987</td>\n		</tr>\n		<tr>\n			<td>Luik-Bastenaken-Luik</td>\n			<td>9</td>\n			<td>1973</td>\n		</tr>\n		<tr>\n			<td>Luik-Bastenaken-Luik</td>\n			<td>9</td>\n			<td>1984</td>\n		</tr>\n		<tr>\n			<td>Ronde van Lombardije&nbsp;</td>\n			<td>4</td>\n			<td>1976</td>\n		</tr>\n		<tr>\n			<td>Ronde van Frankrijk</td>\n			<td>1</td>\n			<td>1980</td>\n		</tr>\n		<tr>\n			<td>Ronde van Spanje</td>\n			<td>1</td>\n			<td>1979</td>\n		</tr>\n	</tbody>\n</table>\n\n<p>&nbsp;\n<p>&nbsp;\n<p><br />\n&nbsp;</p>\n</p>\n</p>\n","2013-07-20 22:13:59","2013-07-20 22:13:59"
"11","31","03","1909","kiellegging-titanic","Kiellegging Titanic","<p>Op 31 maart 1909 was de kiellegging van misschien wel het bekendste wrak uit de geschiedenis: De Titanic. Het zou nog drie jaar duren voor het schip zijn maagdenreis zou hebben. Helaas is deze reis niet afgemaakt, daar het schip in de nacht van 14 en&nbsp;<a href=\"http://dagvandeweek.nl/historie/1912/04/15/titanic-zinkt\">15 april 1912</a>&nbsp;in botsing kwam met een ijsberg.</p>\n\n<h2>Kiellegging</h2>\n\n<p>Het leggen van de kiel van een schip is het eerste tastbare deel van het te bouwen schip. De kiellegging wordt daarom gezien als de start van de bouw.</p>\n","2013-07-20 22:38:29","2013-07-22 08:23:30"
"12","31","04","1911","titanic-te-water","Titanic te water gelaten","<p>Op 31 mei 1911 is de RMS Titanic te water gelaten. Na twee jaar in het dok (kiellegging was op&nbsp;<a href=\"http://dagvandeweek.nl/historie/1909/03/31/kiellegging-titanic\">31 maart 1909</a>). Het zou nog een jaar duren tot het schip op 10 april 1912 in de vaart werd genomen. Op 14 en <a href=\"http://dagvandeweek.nl/historie/1912/04/15/titanic-zinkt\">15 april 2012</a> verging het schip. Kolenscheppers, machinisten, passagiers en het orkest verdwenen onder de ijskoude golven,&nbsp;</p>\n","2013-07-20 23:11:05","2013-07-20 23:11:05"
"13","00","00","1912","","","<p>Het jaar 1912. Vooral bekend vanwege de ramp met de RMS Titanic op 14 en 14 april. Het is ook het 12e jaar van de 20e eeuw en de verschillen tussen de (rijke) adel en de gewone arbeiders is enorm. Ook gingen veel kinderen (ook in Nederland) nog niet naar school. Ook was 1912 h&eacute;t jaar voor Antony Focker. Hij maakte dat jaar zijn eerste ontwerpen voor zijn eerste vliegtuig met als bijnaam &#39;de Spin&#39;.</p>\n","2013-07-20 23:27:20","2013-07-20 23:27:20"
"14","00","00","1911","","","<p>Op het gebied van vrouwenemancipatie was 1911 weer een klein doorbraakje. Op 1 mei 1911 begon Dina Sanson bij de Rotterdamse (toen ongetwijfeld nog Rotterdamsche) Zedenpolitie. Zij was hiermee de allereerste vrouwelijke politieman... euhm vrouw. Aan het eind van dezelfde maand, op 31 mei, werd het beroemdste scheepswrak ter wereld te water gelaten. Al was het toen nog wel een werkend schip natuurlijk, niemand wist nog welk onheil er nog zou komen.</p>\n","2013-07-20 23:34:45","2013-07-20 23:34:45"
"15","00","00","2012","","","<p>Het was een bijzonder jaar. 2012 stond in het teken van de Maya&#39;s, omdat vele aardbewoners dachten dat de wereld zou vergaan op 21 december. Verder kregen de Oranjes een zware klap te verwerken, Prins Friso kreeg een ongeluk in het Oostenrijkse plaatjse Lech. Hij kwam onder een lawine terecht en raakte daardoor in coma.</p>\n\n<p>Ook Egyptenaren en andere Arabische landen zorgden voor onrust. De bevolking kwam in opstand en wierp de dictoriale regimes omver. Deze periode ging de boeken in als de Arabische Lente. Afijn. Het was een druk jaar, een spannend jaar maar ondanks dat, draait de wereld gewoon door. En het einde van de wereld? Ik heb het niet gezien.</p>\n","2013-07-21 09:18:03","2013-07-21 09:18:03"
"16","00","00","1945","","","<p>Na vijf jaar oorlog voor Nederland, na jaren onderdrukking in Duitsland en zes jaar na de bezetting van Polen en Oostenrijk, kwam er een einde aan de Tweede Wereldoorlog. Op 5 mei was de overgave van het Duitse (toen was het nog Duitsche) Leger en gingen de kannonnen terug naar huis. Miljoenen burgers lieten het leven door genocide en stadsgevechten. Van steden als Rotterdam, Berlijn, Leipzig en Keulen was vaak niet meer over dan een rokende puinhoop.&nbsp;</p>\n\n<p>Na de bevrijding was een periode van blijdschap, hoop, vedriet en vrees. Blij en feest vanweg de bevrijding, hoop voor de toekomst en voor hen die onderweg naar huis waren, vrees voor wie er terugkwam, maar vooral wie niet. En tot slot verdriet. Verdriet om de oorlog en verdriet om hen die uiteindelijk niet meer terugkwamen uit de kampen of het slagveld. 1945 was een bizar jaar waar alle emoties loskwamen die een mens heeft. Toen zei men: Dit nooit meer! Al was men dit alweer snel vergeten in Indi&euml;, Korea, Vietnam en de Balkan.</p>\n","2013-07-21 09:26:17","2013-07-21 09:26:17"
"17","05","05","1945","bevrijding-nederland","Nederland Bevrijd","<p>Wat in de jaren 20 en 30 zorgvuldig werd opgezet en in 1939 uitliep in de Tweede Wereldoorlog, eindigde op 5 mei 1945. Wat overbleef van de beloofde pracht en praal, was slechts een rokend Europees continent. In de zes jaren (voor Nederland 5, Frankrijk 4) van Duitse bezetting was Rotterdam, en vele andere steden, niet meer te herkennen. Hoewel de daadwerkelijke capitulatie van de Duitse strijdkrachten pas op 8 mei werd getekent, was Nederland al &#39;vrij&#39; op 5 mei.</p>\n\n<p>&nbsp;</p>\n\n<p>&nbsp;</p>\n","2013-07-21 21:57:49","2013-07-24 01:19:58"
"18","25","07","2007","wielerploeg-verlaat-tour-vanwege-doping","Franse wielerploeg verlaat de Tour vanwege doping","<p>Doping gebruik in de Franse Tour lijkt niet te verbannen. Op 27 juli 2007 stapte de ploeg&nbsp;Cofidis uit de Ronde van Frankrijk, omdat bij een van de renners (Cristian&nbsp;Moreni) bloeddoping was aangetroffen. De Italiaan bleek testosteron verhogende middelen te hebben gebruikt om zijn prestaties te verbeteren.</p>\n\n<p>De ploeg kwam in 2004 ook al in opspraak waarbij twee renners werden geschorst.&nbsp;</p>\n\n<h2>Structureel probleem</h2>\n\n<p>Doping in de Tour lijkt een structureel probleem wat maar moeilijk aan te pakken is. Het is verweven in de cultuur en iedereen lijkt ervanaf te weten, maar niemand lijkt er iets aan te kunnen doen. In 2012 en 2013 zijn diverse renners alsnog uit de kast gekomen en maakten schoon schip met hun doping verleden.</p>\n","2013-07-21 23:15:53","2013-07-21 23:15:53"
"19","24","07","1847","salt-lake-city-gesticht","Amerikaanse stad Salt Lake City gesticht","<p>Salt Lake City is de hoofdstad van Utah, &eacute;&eacute;n van de staten van de Verenigde Staten van Amerika. Deze stad werd gesticht op 24 juli 1874 door 146 volwassenen (waarvan 143 man en 3 vrouw). Ook waren er twee kinderen.</p>\n\n<h2>Visioen</h2>\n\n<p>De groep bestond uit streng gelovige Mormomen die de plek doorkregen via visioenen van een van de leiders. In de bosatlas uit die tijd werd deze plaats vertaald als de Grote Zoutemeerstad.</p>\n","2013-07-21 23:34:44","2013-07-22 01:08:48"
"20","24","07","1911","incastad-herontdekt","Oude Incastad herontdekt","<p>Machu Picchu is opnieuw ontdekt in 1911 door de historicus Hiram Bingham. Hij deed een studie naar de oude Inca&#39;s in datzelfde gebied. In 1867 was de stad ook al in beeld geweest bij een Duitse ontdekkingsreiziger. Met toestemming van de authoriteiten heeft hij de oude Incastad geplunderd.</p>\n\n<p>De stad is sinds 1983 opgenomen op de lijst van de UNESCO Werelderfgoedlijst.</p>\n","2013-07-21 23:48:46","2013-07-21 23:48:46"
"21","01","09","1909","eerste-vierdaagse-van-nijmegen","Eerste Vierdaagse van Nijmegen","<p>In het jaar des Heere 1909, om precies te zijn op 1 september 1909, begon de allereerste Nijmeegse Vierdaagse. Ook op andere plaatsen in het land kon men meedoen aan een van de Vierdaage Afstandsmarsen, door te vertrekken vanuit &eacute;&eacute;n van de 15 lokaties. De toenmalige afstand was totaal 140 kilometer, wat neerkomt op 35 kilometer per dag.</p>\n\n<p><font color=\"#000000\" face=\"arial, verdana, helvetica, sans-serif\"><span style=\"font-size:12px\">In het hele land kennen we nog wel de Avondvierdaagse, maar de Nijmeegse Vierdaagse wordt vandaag de dag gezien als &#39;het&#39; wandelevenement en is uitgegroeid tot een van de grootste ter wereld.</span></font></p>\n\n<p><font color=\"#000000\" face=\"arial, verdana, helvetica, sans-serif\"><span style=\"font-size:12px\">Tegenwoordig is de gewone afstand voor burgers 50 kilometer per dag. De militaire afstand is gesteld op 40 kilometer per dag. Deze dienen ze dan wel in detachement te lopen en met een bepakking die van begin tot eind 10 kilo weegt. Deze 10 kilo kan daarom niet bestaan uit consumptie goederen, aangezien het gewicht gedurende de tocht dan zal afnemen.</span></font></p>\n\n<p><font color=\"#000000\" face=\"arial, verdana, helvetica, sans-serif\"><span style=\"font-size:12px\">Voor burgers geld er nog een utizondering op de afstand. In bepaalde gevallen, afhankelijk van leeftijd en geslacht, is het mogelijk om de verkorte afstand te lopen en toch het begeerde kruisje te mogen opspelden. Het vierdaagsekruis is tegenwoordig ook een bij Koninklijk Besluit erkende onderscheiding en mag dus gedragen worden bij offici&euml;le gelegenheden. In de praktijk is dit vooral een militaire aangelegenheid, daar zij een of meer onderscheidingen dragen op het uniform.&nbsp;</span></font></p>\n","2013-07-22 00:10:24","2013-07-22 00:10:24"
"22","02","01","1909","eerste-elfstedentocht","Eerste Elfstedentocht","<p>Op 2 januari 1909 ging de eerste Friesche Elfstedentocht van start. Met slechts 48 deelnemers met een inschrijving, was de start niet zonder discussie. Toen de eerste datum werd bepaald kon men zich tot 5 januari inschrijven voor deze toch. Echter, door de ijskwaliteit is besloten de tocht al op 2 januari te rijden en de inschrijving op 31 december al te sluiten.</p>\n\n<h2>Dooi</h2>\n\n<p>Ondanks de vooruitzichten, bleek toch dat op de dag van de rit alsnog de dooi in te vallen. Om deze reden vielen veel mensen uit en had ook de tourleiding nog weinig vertrouwen. Uiteindelijk kwamen toch nog 23 mensen opdagen die het wilden gaan doen. Ruim dertien uur na het vertrek uit Leeuwarden kwam de Fries Minne Hoekstra als eerste over de finisch. Na dit evenement werd de organisatie opgericht die elk jaar een tocht hoopt uit te schrijven.&nbsp;</p>\n","2013-07-22 00:30:35","2013-07-22 00:30:35"
"23","22","07","1942","eerste-transporten-uit-warschau","Eerste Joden transporten uit Warschau (Polen)","<p>In het overbevolkte ghetto in Warschau werd op 22 juli 1942 het bevel alle Joden die niet &#39;onmisbaar&#39; waren af te voeren. In de ruim 50 dagen erna, werden er 300.000 mannen, vrouwen en kinderen afgevoerd naar de gaskamers van Treblinka. Naast Duitse militairen en overige functionarissen, waren ook de Joodse burgers die lid waren van de Joodse politie om de orde te bewaren in het ghetto. Deze groep mannen ging echter niet zachtzinnig te werk, en leek soms wreder dan de Nazi&#39;s zelf in Warschau.</p>\n\n<p>De meeste Joden gingen relatief makkelijk mee op transport. Vele&nbsp;omdat ze uit het ghetto wilden en omdat men toen dacht dat ze hooguit tewerkgesteld zouden worden. Van deze groep van 300.000 Joden is echter nooit meer iets vernomen.</p>\n","2013-07-22 00:46:28","2013-07-22 00:46:28"
"24","00","00","1963","","","<p>Het jaar 1963. Dit legendarische jaar is het jaar waarin J.F. Kennedy, de 35e President van de Verenigde Staten van Amerika, naar de verkeerde kant van het gras werdt gestuurd. Dit is ook het jaar waarin Noord-Korea een publiek televisie station opricht en het jaar waarin een bisschop echtparen wijst op hun eigen verantwoordelijkheid als het gaat om gezinsuitbreiding of het voorkomen ervan.&nbsp;</p>\n\n<p>Ook zaten we midden in de ontzuiling (en ontkerking). Kortom, midden in &#39;the Sixties&#39;, Sex, Drugs, Rock n Roll, Vietnam en wederopbouw.</p>\n","2013-07-22 20:59:18","2013-07-22 20:59:18"
"25","28","08","1963","hij-had-een-droom","Hij had een droom","<p>Op 28 augustus 1963 hield Martin Luther King jr. zijn beroemde spreech over de gelijkheid tussen blank en zwart. Deze toespraak leverde hem in 1964 de Nobelprijs van de vrede op,</p>\n\n<p><span style=\"color:rgb(0, 0, 0); font-family:sans-serif; font-size:12.571428298950195px\">De leidende positie van King binnen de burgerrechtenbeweging werd midden jaren 60 uitgedaagd, toen er stemmen opgingen om meer militante acties te voeren in plaats van het door King nagestreefde vreedzame protest. Hij behield echter zijn belangrijke positie en ging zich ook op andere zaken richten. Zo uitte hij kritiek op de Vietnamoorlog en maakte hij zijn zorg over armoede kenbaar.</span></p>\n\n<p><span style=\"color:rgb(0, 0, 0); font-family:sans-serif; font-size:12.571428298950195px\">Op vier april 1968 werd Luther doodgeschoten op het balkom van zijn hotel.</span></p>\n","2013-07-22 21:21:33","2013-07-22 21:21:33"
"26","14","05","1940","bombardement -rotterdam","Bombardement Rotterdam","<p>Vier dagen na de Duitse inval op Nederland kregen de Rotterdammers de schrik van hun leven. Het oude stadscentrum werd volledig in de as gelegd door brandbommen. Deze aanval was bedoelt om de druk op te voeren en de Nederlandse Strijkrachten te dwingen tot overgave.</p>\n\n<h2>Weerstand</h2>\n\n<p>Het is de Duitsers niet gelukt om ons land snel te overmeesteren. Op de Grebbeberg en Moerdijkbruggen vochten &#39;onze jongens&#39; als leeuwen voor het vaderland. Ook in de Haagse residentie wist men de plannen flink in de war te sturen. Om tijd te winnen voor het grotere doel (Nederland was &#39;slechts&#39; bijvangst voor de Duitsers) besloot men daarom om een voorbeeld te stellen.</p>\n\n<h2>Ultimatum</h2>\n\n<p>In de vroege ochtend van 14 mei 1940 ontving de legerleiding een ultimatum, waar de Duitsers de overgaven eisten van de Nederlandse troepen. In de eerste instantie wilde men er niet aan, omdat de verzender had verzuimd om de rang, naam en handtekening van de afzender te vermelden. Later die dag heeft men bedongen om alsnog een document op te leveren met deze informatie en om het ultimatum iets te verlaten.</p>\n\n<h2>Lichtkogels</h2>\n\n<p>Intussen was in Duitsland al een eskader vertrokken met als doel het Rotterdamse centrum (destijds nog gewoon netjes Rotterdamsche centrum). Mocht blijken dat het bombardement niet meer nodig zou zijn, zou men rode lichtkogels de lucht inschieten om de piloten te waarschuwen. Helaas is er in deze procedure e.e.a. misgegaan en om onduidelijke redenen zijn die kogels nooit afgeschoten.</p>\n\n<h2>Bombardement</h2>\n\n<p>In de vroege middag, om 13:30 uur (half twee) vielen de bommen op het oude centrum.In een kwartier tijd stonden door de brandbommen talloze huizen in lichterlaaie en zou de stad nooit meer hetzelfde zijn. Ruim 30 kerken en synagogen werden verwoest en meer dan 80.000 mensen dakloos. Wonder boven wonder bleef het oude stadhuis overeind, samen met nog een aantal gebouwen in de brandzone, vooral langs de Coolsingel.</p>\n\n<p>Het bombardement eiste ongeveer 800 mensen het leven. Omdat de Duitsers beloofde dat de volgende halte Utrecht zou zijn, tekende generaal Winkelman op 15 augustus de overgave van Nederland. Het zou nog vijf lange jaren duren voordat de bezetter weer terug naar zijn &#39;Heimat&#39; moest.</p>\n\n<h2>Nasleep</h2>\n\n<p>Tot op de dag van vandaag zijn de gevolgen zichtbaar. Het huidige winkelcentrum (omgeving Lijnbaan, koopgoot) is gebouwd op de littekens van het bombardement. Rotterdam, zonder het oude stadcentrum, word ook wel de &#39;Stad zonder Ziel&#39; genoemd. Waar de bommen vielen staan nu alleen nog maar (hoge) kantoorpanden en/of is een een gigantisch winkelgebied. Al tijdens de bezetting keek men al naar voren om de stad weer op te bouwen.</p>\n\n<p>Sinds 2006 is men bezig om de oude brandgrens visueel te maken in de stad. Op verschillende plekken verschijnen fraaie tegels, al dan niet verlicht, die de brandgrens aangeven. Op deze manier hoopt men de herinnering levend te houden.</p>\n","2013-07-24 01:19:28","2013-07-24 01:19:28"
"27","15","05","1940","capitulatie-nederland","Capitulatie Nederland","<p>Na het alles&nbsp;vernietigende bombardement en conform de eerdere aankondiging van 14 mei omstreek 19:00 uur, tekent generaal Winkelman in Rijsoord de akte waarin Nederland capituleert en het openbaar gezag overdraagt aan de Duitse bezetter.&nbsp;Bijna heel Nederland dan, want de Franse soldaten zijn nog tot 19 mei bezig in Zeeland totdat ook zij de strijd moeten staken.</p>\n\n<p>Alle nog in het land aanwezige militairen moeten een verklaring tekenen waarin zij geen verzet plegen tegen het Duitse rijk. Na die ondertekening kunnen de soldaten naar huis als gewone burgers. Twee jaar later worden deze documenten nietig verklaard en moeten alle ex-militairen alsnog worden geinterneerd.</p>\n","2013-07-24 01:35:20","2013-07-24 01:35:20"
"28","15","05","1942","erewoord-toch-niet-eervol","Erewoord toch niet eervol","<p>De Erewoordverklaring die de voormalige Nederlandse militairen hebben moeten ondertekenen op 14 en 15 mei 1940, komt te vervallen. In deze verklaring gaf de ondertekenaar aan geen deel te nemen aan gewapend of passief verzet tegen de Duitse bezetter. Men was namelijk bang dat de militairen anders alsnog op andere wijze de Duitsers dwars gingen zitten.</p>\n\n<p>Omdat de sfeer in het straatbeeld grimmiger werd en het Nederlandse verzet steeds bekwamer werd in het plegen van (gewapend) verzet, moesten op 15 mei 1942 alsnog alle voormalige militairen zich melden voor transport. Men werd als krijgsgevangenen te werkgesteld in Duitsland.</p>\n","2013-07-24 01:40:36","2013-07-24 01:40:36"
"29","27","07","1955","oostenrijk-onafhankelijk","Oostenrijk Onafhankelijk","<p>Op&nbsp;<strong>27 juli 1955</strong>&nbsp;was Oostenrijk weer onafhankelijk. Tien jaar na het einde van de Tweede Wereldoorlog trokken de Russen en Amerikanen zich terug en droeg men de macht over aan het land zelf.</p>\n\n<h2>Neutraal</h2>\n\n<p>Helemaal onvoorwaardelijk was deze onafhankelijkheid niet. De Oostenrijkers moesten instemmen dat het land neutraal zou blijven in volgende conflicten.</p>\n","2013-07-27 13:22:37","2013-07-27 13:22:37"
"30","01","08","1944","laatste-dagboek-fragment-anne-frank","Laatste dagboek fragment Anne Frank","<p>Op 1 augustus 1944, achteraf gezien nog een paar maanden voor de Duitse overgave, schreef Anne Frank voor het laatst in haar dagboek. Enkele dagen later werd de familie veraden en afgevoerd naar kamp Westerbork.</p>\n","2013-07-27 13:31:21","2013-07-27 13:31:21"
"31","01","08","1675","eerste-definitie-van-de-meter","Eerste definitie van de meter","<p>Op 1 augustus 1675 publiceerde de<span style=\"color:rgb(0, 0, 0); font-family:sans-serif; font-size:12.571428298950195px\">&nbsp;Italiaan&nbsp;</span>Tito Livio Burattin de&nbsp;<em>Misura Universale</em><span style=\"color:rgb(0, 0, 0); font-family:sans-serif; font-size:12.571428298950195px\">, een werk waarin hij de meter vastlegt op de lengte van een&nbsp;</span>slinger<span style=\"color:rgb(0, 0, 0); font-family:sans-serif; font-size:12.571428298950195px\">&nbsp;die beweegt met een halve periode van 1&nbsp;</span>seconde<span style=\"color:rgb(0, 0, 0); font-family:sans-serif; font-size:12.571428298950195px\">.&nbsp;</span></p>\n\n<h2>Onnauwkeurig</h2>\n\n<p>Volgens de huidige definitie en betere meetinstrumentern zou zijn &#39;meter&#39; slechts&nbsp;<span style=\"color:rgb(0, 0, 0); font-family:sans-serif; font-size:12.571428298950195px\">993,9 mm</span><span style=\"color:rgb(0, 0, 0); font-family:sans-serif; font-size:12.571428298950195px\">&nbsp;bedragen. Mede door de zwaartekracht en drukverschillen zou zijn slinger ook op andere plaatsen in de wereld een andere aanduiding geven. Desondanks, voor zijn tijd een enorme prestatie. Tegenwoordig zou dit een enorm onnauwkeurige meting zijn.</span></p>\n","2013-07-27 13:39:58","2013-07-27 13:39:58"
"32","00","00","1944","","","<p>We schrijven het jaar 1944. Een bijzonder jaar. Het jaar van honger, dood en verderf in Europa. Maar ook een jaar van hoop, toen op 6 juni 1944 de Amerikanen, Britten, Canadezen, Polen en meer strijdkrachten voet zette aan de Franse kust. 1944 is ook het jaar van verraad van de familie Frank. In augusts werden zij afgevoerd naar Westerbork, waar alleen Otto het heeft kunnen navertellen.</p>\n\n<p>Het jaar 1944. Het vierde jaar van de oorlog. Een oorlog die niemand wilde en een oorlog waarvan niemand wist hoe lang hij nog zou duren. Maar wel het jaar waarin hoop en honger &amp;&nbsp;verdriet en vreugde sterk met elkaar in contrast waren.</p>\n","2013-07-27 13:49:25","2013-07-27 13:49:25"
"33","05","06","1944","rome-bevrijd","Rome bevrijd","<p>Op 5 juni 1944 werden de Romeinen (naja, de moderne dan) bevrijd door de Amerikaanse en Britse strijdkrachten. Eerder waren ze al geland op Italiaanse bodem, zodat men later kon doortrekken naar het Noorden, waar zij hun collega&#39;s konden helpen met het bevrijden van de rest van Frankrijk.</p>\n\n<p>&nbsp;</p>\n","2013-07-27 13:55:34","2013-07-27 13:55:34"
"34","00","00","1960","","","<p>Het jaar 1960. Het was het einde van de jaren 50, maar we kregen er de &#39;sixties&#39; voor terug. Make Love, Not War. En wat te denken van de Hippie cultuur? De oorlog lag 15 jaar achter ons en de wederopbouw was zo goed als voltooid. Hoewel, een kleinigheidje, een woning was nergens meer te krijgen.</p>\n\n<p>Behalve een woningnood, ontplofde laat in de jaren 60 de inflatie. Dit was het gevolg van het liberaliseren van lonen. Hiermee kwam na 15 jaar een einde aan het reguleren van lonen door de overheid. In 1963 schoten de lonen van overheidspersoneel de lucht in. De mooie jaren 60, het land ging weer flink de plus in en steeds meer mensen konden iets unieks doen: Vakantie. Laat in de jaren 60 en begin jaren 70 kwam het echte massatoerisme op gang.</p>\n\n<p>Kortom, we houden van onze sixties. Love, Flower Power, Beatles en Economische voorspoed. Wat kon er nu nog misgaan?</p>\n","2013-07-27 18:29:50","2013-07-27 18:29:50"
"35","00","00","1970","","","<p>De jaren 70 waren een voorbode op wat komen zou in het volgende decenium. In het afgelopen decenium ging het goed, heel erg goed zelfs. Waardoor ook de jaren 70 een leuke start hadden. We kregen nette infrastructuur, vooral steden en rijkswegen die kenmerkend waren door (zware) industrie, zoals Rotterdam, kregen er nieuwe wegen, bruggen en tunnels bij. Vooral de huidige A20, A15, A4 en A16 werden flink onder handen genomen en zo ontstond de &#39;Ruit van Rotterdam&#39; zoals we die nu kennen.</p>\n\n<p>Wel was er een klein dipje in de periode die nu geromantiseerd de &#39;Seventies&#39; noemen, een kleine oliecrisis in 1973. De Arabieren verweten Europa en Amerika de steun aan Israel. Waardoor er minder olie beschikbaar was en wat er wel was, ging voor woekerprijzen over de toonbank. Nederland spotte met de olielanden en de Arabieren, een bekende zin uit die tijd was:<em> &quot;<span style=\"color:rgb(0, 0, 0); font-family:sans-serif; font-size:12.571428298950195px\">Wat is het verschil tussen een Arabier van vijf jaar geleden en een Arabier van nu? Een Arabier van vijf jaar geleden was oliedom en een Arabier van nu is geraffineerd.</span>&quot;</em></p>\n\n<p>Ondanks deze tegenvaller, viel er ook nog wat te lachen. Farce Majeur wist wel hoe men de oliecrisis moest uitzitten. Met olijke teksten van de carnavalshit &#39;Kiele Kiele Koeweit&#39;, was het toch nog een leuke eerste helft. En deze crisis, ging voorbij.</p>\n\n<p>In 1979 ging het echter goed mis. De fantastische jaren 60 en&nbsp;de leuke jaren 70 eindigden hier.&nbsp;</p>\n","2013-07-27 18:45:31","2013-07-27 18:45:31"
"36","28","07","1940","eerste-uitzending-radio-oranje","Eerste uitzending Radio Oranje","<p>Op 28 juli 1940 begon de eerste uitzending van Radio Oranje. Gedurende de oorlog sprak Koningin Wilhelmina haar onderdanen in bezet gebied toe vanuit Londen.</p>\n\n<h2>Te zacht</h2>\n\n<p>Na de eerste uitzending waren er berichten dat de vorstin lastig te verstaan was. In de volgende uitzendingen hielden technischie er rekening mee door het geluid te versterken. Wilhelmina had er geen vertrouwen in en sinds die eerste uitzending sprak zij een stuk luider de boodschappen in. Voor de zekerheid.</p>\n\n<h2>Illegaal</h2>\n\n<p>Al vroeg in de oorlog was het hebben van radioapparatuur verboden, op straffe van werkkamp of erger. Om deze reden luisterden voor Nederlanders met radio&#39;s in schuilkelders of verstopt in boeken.</p>\n\n<h2>Hoop</h2>\n\n<p>De uitzendingen waren voor veel mensen een teken van hoop in donkere dagen. Ook stond de Koningin daardoor minder ver af van het bezette Nederland.</p>\n","2013-07-28 19:34:03","2013-07-28 19:34:03"
"37","29","07","1921","adolf-hitler-voorzitter-nsdap","Adolf Hitler wordt voorzitter NSDAP","<p>Na het opstappen van de toenmalige partijleider (Karl Harrer) en de inmiddels verworven (informele) macht die Hitler al in de partij had weten af te dwingen, lag voor hem de weg vrij om de ontstane vacature in te vullen.</p>\n\n<h2>Partijleider NSDAP</h2>\n\n<p>Op 29 juli 1921 was Adolf Hitler officieel de partijleider van de NSDAP. De partij ging zich de jaren erna verder profileren en werd steeds geweldadiger. In 1945 ontbonden de Amerikanen de partij en werd deze aangemerkt als criminele organisatie.</p>\n","2013-07-28 21:39:10","2013-07-28 21:39:10"
"38","29","07","1948","opening-zomerspelen-1948","Opening Zomerspelen 1948","<p>Op 28 juli 1948 was de opening van de allereerste Olympische Spelen. De editie ervoor was 12 jaar geleden. Dit waren de spelen in Berlijn, welke zijn gehouden door Nazi-Duitsland.</p>\n\n<h2>Sober</h2>\n\n<p>Vanwege de oorlog (1939-1945) waren er onvoldoende middelen om uit te pakken. Om deze reden hadden de spelen in 1948 een sober karakter. Aan het eind van de spelen op 14 augustus had Amerika met 84 medailles (waarvan 38 goud) de beste score. Nederland eindigde 11e met 16 medailles (waarvan 5 goud).</p>\n\n<p>In total deden 59 landen mee die samen 411 glimmertjes kregen opgespeld.</p>\n\n<p>&nbsp;</p>\n","2013-07-29 21:26:23","2013-07-29 21:49:41"
"39","00","00","1948","","","<p>Het jaar 1948. Het jaar dat begon op een&nbsp;<strong>donderdag</strong>. Het was het jaar waarop de Benelux formeel van kracht werd, het was het jaar van de eerste Olympische Spelen sinds de voor-oorlogse Spelen in Berlijn 12 jaar eerder. Ook werd de staat Isreal uitgeroepen door de Joodse Raad in Tel Aviv.</p>\n\n<p>In september volgde de abdicatie van Wilhelmina en daarmee was na 50 jaar een einde gekomen aan haar loopbaan als Koningin der Nederlanden.</p>\n\n<p>De werderopbouw kwam op gang en na het ruimen van de rokende puinhopen, was het tijd om weer naar voren te kijken. Voor veel Nederlanders was nu wel duidelijk wie er niet meer zou terugkeren, al doken sporadisch jaren later opeens nog vermiste landgenoten op.</p>\n","2013-07-29 22:16:43","2013-07-29 22:16:43"
"40","12","05","1948","aankondiging-abdicatie-wilhelmina","Aankondiging van abdicatie Koningin Wilhelmina","<p>Op 12 mei 1948 kondigde Konignin Wilhelmina haar abdicatie aan. Na 50 jaar regeren, waarvan ook 5 oorlogsjaren, was het mooi geweest. Vlak na haar 50 jarig jubileum (<span style=\"color:rgb(0, 0, 0); font-family:sans-serif; font-size:12.571428298950195px\"><strong>gouden regeringsjubileum</strong>) zou de abdicatie moeten plaatsvinden.</span></p>\n","2013-07-29 22:23:14","2013-07-29 22:23:14"
"41","01","01","1948","douaneverdrag-benelux-in-werking","Douaneverdrag Benelux in werking","<p>Na (met tussenpozen door oorlogen en andere prioriteiten) ruim 50 jaar sinds het uitspreken van een vorm van samenwerken tussen Nederland, Belgie en Luxemburg, was het op 1 januari 1948 eindelijk zover. De verdragen die tijdens de oorlogjaren zijn opgesteld en in 1947 definitief zijn bekrachtigd, treden in 1948 echt in werking.</p>\n\n<h2>Invoerrechten</h2>\n\n<p>Een belangrijk onderdeel waren de gunstiger invoerrechten. Ook hield men de deur open naar bredere samenwerking, wat uiteindelijk heeft geleid tot de E.E.G. en Europese Unie.</p>\n","2013-07-29 22:47:13","2013-07-29 22:47:13"
"42","04","09","1948","abdicatie-wilhelmina","Abdicatie Wilhelmina","<p>Op 4 september 1948 tekende Koningin Wilhelmina de akte van Abdicatie. In deze akte werd de nadruk gelegd dat de vorstin het besluit zelf en zonder &nbsp;invloed van derden heeft genomen.</p>\n\n<p>Na 58 jaar (8 jaar onder Regentes Emma + 50 jaar feitelijk Koningschap) kwam er een eind aan een tijdperk. Wilhelmina is tot de dag van vandaag de langst zittende vorst op de Nederlandse troon.</p>\n","2013-07-29 23:50:26","2013-07-29 23:50:26"
"43","00","00","2001","","","<p>Het jaar 2001. Het eerste jaar van het derde milenieum en daarmee ook het eerste jaar van de 21e eeuw. Helaas nog geen vliegende auto&#39;s en zwevende huizen of huishoudrobots zoals de Jetsons, maar toch, de 21e eeuw. De mensheid heeft hier toch een kleine 2000 jaar op moeten wachten.</p>\n\n<p>Helaas (of gelukkig mischien wel)&nbsp;wist men op nieuwsjaarsdag 2001 nog niet wat men wel wist op oudjaarsdag. Het meest memorabele uit 2001 zijn toch wel de aanslagen op de Twin Towers in New York en het Pentagon. Honderden mensen lieten het leven tijdens deze 11 september 2001. Een dag later zou de NAVO voor het eerst in de geschiedenis het gevreesde besluit nemen om artikel 5 van kracht te maken. Dit betekende feitelijk dat alle NAVO lidstaten in oorlog waren, immers, als 1 NAVO word aangevallen, is dat een aanval op alle lidstaten.</p>\n\n<p>Maar 2001 had meer. Het was ook het einde van de &#39;Sky High&#39; economie van het vorige decenium. In de jaren 90 kon het niet op. In de &#39;zero&#39;s&#39; gaan we erachterkomen dat na zonneschijn regen komt. En in de 2e helft van dit decenium zelfs een krachtige economische noordwesterstorm. Maar, zover was het in 2001 nog niet. In 2001 genoot men veelal nog van de welvaart uit de jaren 90.</p>\n\n<p>In elk geval zag Herman Brood het somber in. Toen hij op 54 jarige leeftijd van het Hilton stortte. Op 11 juli maakte hij een eind aan zijn leven. Op 25 november was de offi&euml;le oprichting van Leefbaar Nederland, waar ook Pim Fortuyn deel van uitmaakte.</p>\n","2013-08-18 17:18:00","2013-08-18 17:18:00"
"44","00","00","365","","","<p>365 dagen in &eacute;&eacute;n jaar. Alleen daarom al is de kalender van het <strong>jaar 365</strong> al bijzonder. Het jaar des Heere 365 was in het eerste millenium en tevens ook in de 4e eeuw van de Christelijke jaartelling.</p>\n\n<p>Hieronder is sowiezo een kalender uit 365 te zien. Op sommige dagen kunt u klikken, u zal dan worden verwezen naar een historische gebeurtenis uit het jaar 365. Naast de <strong>kalender 365</strong>, hebben wij ook kalenders uit andere jaren. Zoals de&nbsp;<strong><a href=\"http://dagvandeweek.nl/kalender/2013\">kalender 2013</a></strong> en <strong><a href=\"http://dagvandeweek.nl/kalender/1940\">kalender 1940</a></strong>. Maar ook het jaar van de aanslagen in Amerika, <strong><a href=\"http://dagvandeweek.nl/kalender/2001\">2001</a></strong> hebben wij voor u overzichtelijk gemaakt. Maar als u wilt weten op welke dag <strong>kerst 2020</strong> is, kunt u door naar de <strong><a href=\"http://dagvandeweek.nl/kalender/2020\">kalender 2020</a></strong>.</p>\n\n<p>Kortom, elk jaar heeft een kalender. Elk jaar heeft een verhaal en elk jaar heeft een geschiedenis. Een geschiedenis die wij graag aan u vertellen. Elke eeuw, elke dag. Alle <strong>365 dagen</strong> van het jaar (of 366 als het een schrikkeljaar betreft).</p>\n","2013-08-18 19:09:40","2013-08-18 19:09:40"
"45","01","01","1986","de-noordoostpolder-onderdeel-van-provincie-flevoland","De Noordoostpolder onderdeel van provincie Flevoland","<p>Enige jaren na de oplevering is de Noordoospolder ondergebracht in de provincie nieuwe Flevoland, in plaats van de provincie Overijsel.</p>\n\n<p>Door het aannemen van de Zuiderzeewet in 1918 werd besloten tot de aanleg en inpoldering van de Zuiderzee/IJsselmeerpolders, het plan &quot;Lely&quot;. De Wieringermeerpolder werd als eerste aangelegd. En omdat deze al in de Zuiderzee was aangelegd, nog voor de Afsluitdijk werd gesloten, was de Noordoostpolder strikt genomen de eerste IJsselmeerpolder. Aanvankelijk was het de bedoeling om eerst de Markerwaard aan te leggen. Maar door de slechte economische omstandigheden van de jaren dertig werd, na aanvankelijk te hebben gesproken over het afbreken van verdere droogmakerij, besloten om naar de andere kant van het IJsselmeer te gaan. Daar zou het waarschijnlijk makkelijker zijn om aspirant-boeren te vinden. Het achterliggende gebied was immers veel groter. Bovendien was de Noordoostelijke Polder, wat toen nog een dossiernaam was, veel kleiner en dus ook goedkoper in aanleg.</p>\n\n<p>Het voormalige eiland Urk (inclusief een later aangekocht aangrenzend deel van de polder) maaktgeen deel uit van de gemeente Noordoostpolder, maar is een zelfstandige gemeente. Ook Lemmer heeft een klein gedeelte van de polder geannexeerd voor de bouw van woonwijk Lemstervaart. De in 1942 aangelegde polder is dus tegenwoordig verdeeld over drie gemeenten en twee provincies, hoewel het overgrote deel behoort bij de gelijknamige gemeente.</p>\n","2013-11-06 22:35:56","2013-11-06 22:43:26"
"46","05","03","1877","president-hayes-beedigd","President Hayes beëdigd","<p>Na een spraakmakende verkiezing werd in Amerika de 19e President van de Verenigide Staten be&euml;digd. Op 5 maart 1877 was het dan eindelijk zover.</p>\n\n<h2>Verkiezing</h2>\n\n<p>De Republikeinse Partij, die haar nominatieconventie in Cincinnati hield, leek aanvankelijk James G. Blaine als presidentskandidaat te kiezen en in de eerste stemronde kwam Blaine slechts 100 stemmen tekort om de nominatie ook daadwerkelijk in de wacht te slepen. Gaandeweg verloor Blaine echter steun en na zeven stemrondes werd uiteindelijk Rutherford Hayes, de gouverneur van Ohio als kandidaat gekozen. Als zijn running mate werd William Wheeler naar voren geschoven.</p>\n\n<h2>Verkiezingsuitslag</h2>\n\n<p>De verkiezingsuitslag zou lange tijd onzeker blijven. Tilden had een duidelijk voordeel waar het het aantal uitgebrachte stemmen betrof. Tilden behaalde zo&#39;n 250.000 stemmen meer dan Hayes en had daarmee bijna 51% van de stemmen veroverd. Door het Amerikaanse verkiezingssysteem, waarbij elke staat een aantal kiesmannen voor het kiescollege levert en waarbij in de regel de kandidaat die een bepaalde staat wint alle kiesmannen van die staat achter zich krijgt, betekende dit niet automatisch dat Tilden ook daadwerkelijk zou worden verkozen.<br />\nZowel Tilden als Hayes hadden onbetwist de verkiezingen in 17 staten gewonnen, terwijl de uitslag in 4 staten betwist werd. Tilden had hiermee 184 kiesmannen en Hayes 165. Voor een meerderheid in het kiescollege waren echter 185 kiesmannen nodig.</p>\n","2013-11-11 21:34:42","2013-11-11 21:34:42"
"47","05","03","1917","woodrow-wilson-beedigd-voor-tweede-termijn","Woodrow Wilson beëdigd voor tweede termijn","<p>In 1917 kon de al zittende president Wilson zijn tweede termijn beginnen. Het waren spannende jaren in de wereld, enkele duizende kilometers verderop vocht men om de heerschappij over Europa. In loopgraven, dat wel.</p>\n\n<p>&nbsp;</p>\n","2013-11-12 20:12:24","2013-11-12 20:12:24"
"48","02","01","1957","aow-van-kracht","AOW van kracht","<p>Op 2 januari&nbsp;1957 is de Nederlandse oudedags-voorziening geregeld. Voor elke inwoner die de leeftijd bereikt van 65 jaar, is de Algemene Ouderdoms Wet (kortweg: AOW) van toepassing. Dit is een van de onderdelen binnen&nbsp;de Nederlandse verzorgingsstaat, die in deze jaren verder vorm gegeven worden.</p>\n\n<h2>Hoe werkt het</h2>\n\n<h2><span style=\"font-size:13px; line-height:1.6em\">De eerste jaren vanaf 1957 werd de AOW volledig gefinancierd volgens het omslagstelsel, dat wil zeggen: uit de op hetzelfde moment ge&iuml;nde AOW-premies. Bij de bepaling van de premiehoogte werd het percentage en het maximumbedrag per verzekerde elk jaar zo gekozen dat het totaal van de ge&iuml;nde premies vermeerderd met enige rente-inkomsten gelijk was aan het totaal van de uitkeringen. Niet in alle jaren lukte dat. Een tekort moest worden aangevuld. Er is in 1997 incidenteel een tekort. In april 1998 is besloten het jaarlijks stijgende percentage te bevriezen op 17,9%&nbsp;(2012: 65-plussers betalen 15,2% i.p.v. 33,1% in de eerste schijf van box 1). Vanaf 2002 is er echter een jaarlijks oplopend tekort&nbsp;dat uit de algemene middelen, de belastingopbrengsten, wordt aangevuld.</span></h2>\n\n<h2>Toekomst</h2>\n\n<p>Dat de AOW geen ijzeren waarheid hoeft te zijn, bleek in 2012. Vanaf nu schuift de leeftijd waarop men AOW krijgt van de staat iets op. Afhankelijk van het geboortejaar, komt er telkens een maand of paar maanden bij voordat men de eerste AOW betaling krijgt uitgekeerd. Onderbouwing voor deze aanpassing is te vinden in de grote groep ouderen (65+ers) die aanspraak kan maken op deze uitkering, de zogenaamde Babyboom-generatie.</p>\n","2013-11-12 22:03:21","2013-11-12 22:14:30"
"49","01","01","2001","runderen-verplicht-testen-op-bse","Runderen verplicht testen op BSE","<p>Na een uitbraak van&nbsp;<strong><span dir=\"auto\">Boviene spongiforme encefalopathie</span></strong><span dir=\"auto\">&nbsp;kortweg&nbsp;<strong>BSE</strong>&nbsp;in de jaren 90, heeft men de regelgeving voor de vleesindustrie flink aangescherpt. Zowel voor mens als dier worden de hersenen van hen die een infectie hebben opgelopen aangetast. De menselijke variant staat bekend als&nbsp;</span><strong>Creutzfeldt-Jakob Disease</strong>.</p>\n\n<h2>Uitbraak</h2>\n\n<p>In Groot-Brittanni&euml; werd in 1996 bekendgemaakt dat vanaf 1994 tien mensen overleden waren aan een waarschijnlijk nieuwe variant van Creutzfeldt-Jakob. Deze pati&euml;nten waren gemiddeld veel jonger dan normale Creutzfeldt-Jakob pati&euml;nten en ook het ziekteproces verliep anders dan dat van pati&euml;nten die de sporadische variant van Creutzfeldt-Jakob hadden. Het vermoeden bestond toen al, dat deze nieuwe variant van Creutzfeldt-Jakob (inmiddels wordt altijd de term variant-Creutzfeldt-Jakob disease gebruikt, afgekort vCJD) veroorzaakt zou kunnen zijn door de consumptie van rundvlees afkomstig van met BSE besmette runderen. Enkele jaren later is door middel van experimenteel onderzoek aangetoond dat vCJD zeer waarschijnlijk veroorzaakt wordt door de consumptie van rundvlees afkomstig van BSE besmette runderen.</p>\n\n<p>De ziekte is na het optreden van de eerste symptomen binnen &eacute;&eacute;n &agrave; twee jaar dodelijk. Door onzekerheid over de lengte van de&nbsp;incubatietijd&nbsp;was men aanvankelijk beducht voor een navenante epidemie onder mensen als onder rundvee; de laatste jaren daalt het aantal nieuwe gevallen echter. In totaal zijn er in Groot-Brittanni&euml; tot februari 2009 167 mensen aan vCJD overleden (46 daarbuiten, van wie 3 in Nederland) zodat een echt grote epidemie steeds onwaarschijnlijker wordt.</p>\n\n<h2>Europese Regelgeving</h2>\n\n<p>In deze nieuwe richtlijnen, die op 1 januari 2001 van kracht zijn gegaan, is onder andere opgenomen dat elk rund ouder dan 30 maanden getest moet worden op BSE. Ook is het verwerken van restpartijen vlees tot veevoer aan banden gelegd. Alles, van veevoer tot biefstuk, is vanaf nu in een gecontroleerde keten vastgelegd.</p>\n\n<p>&nbsp;</p>\n\n<p>&nbsp;</p>\n","2013-11-15 20:29:21","2013-11-15 20:52:24"